"Case Study","Thumbnail Photo","Short Description","Website","Title","Subtitle","Hero Photo","Product Image","The Challenge","Tags","Case Studies (Item)","Document","ID","Created Date","Updated Date","Owner","SEO Title Tag","SEO Meta Description"
"PHO24","wix:image://v1/af8920_d4994d331dda4291838945231c2e8f80~mv2.jpg/Hero-Banner_PHO-BO.jpg#originWidth=1920&originHeight=1080","<p class=""font_9""><strong>Website Redesign for a Global Vietnamese Brand with AI-Optimized Performance</strong></p>
<p class=""font_9""><br></p>
<p class=""font_9"">Edge8 redesigned PHO24’s website with structured SEO, automation workflows, and content pillars to support global expansion.</p>
<p class=""font_9"">→ Faster performance, AI-optimized SEO, and automated food + culture content</p>","https://www.pho-24.com/en","Redesigning PHO24® for Global Reach & Franchise Growth","Fast, SEO-Friendly, and Culturally Rooted","wix:image://v1/af8920_d4994d331dda4291838945231c2e8f80~mv2.jpg/Hero-Banner_PHO-BO.jpg#originWidth=1920&originHeight=1080","{""nodes"":[{""type"":""HEADING"",""id"":""17hdb2132"",""nodes"":[{""type"":""TEXT"",""id"":"""",""nodes"":[],""textData"":{""text"":""BEFORE"",""decorations"":[{""type"":""BOLD"",""fontWeightValue"":700}]}}],""headingData"":{""level"":3,""textStyle"":{""textAlignment"":""AUTO""}}},{""type"":""PARAGRAPH"",""id"":""dggax448"",""nodes"":[],""paragraphData"":{""textStyle"":{""textAlignment"":""AUTO""}}},{""type"":""IMAGE"",""id"":""c7gpi2226"",""nodes"":[],""imageData"":{""containerData"":{""width"":{""size"":""CONTENT""},""alignment"":""CENTER"",""textWrap"":false},""image"":{""src"":{""id"":""39abad_a1a9510ea08642fcb9e7ddc7c563fd8e~mv2.png""},""width"":1065,""height"":604}}},{""type"":""PARAGRAPH"",""id"":""o4n8e309"",""nodes"":[],""paragraphData"":{}},{""type"":""PARAGRAPH"",""id"":""ycfp5442"",""nodes"":[],""paragraphData"":{}},{""type"":""HEADING"",""id"":""6nq8w286"",""nodes"":[{""type"":""TEXT"",""id"":"""",""nodes"":[],""textData"":{""text"":""AFTER"",""decorations"":[{""type"":""BOLD"",""fontWeightValue"":700}]}}],""headingData"":{""level"":3,""textStyle"":{""textAlignment"":""AUTO""}}},{""type"":""PARAGRAPH"",""id"":""rdfo9446"",""nodes"":[],""paragraphData"":{""textStyle"":{""textAlignment"":""AUTO""}}},{""type"":""IMAGE"",""id"":""ncxfl2186"",""nodes"":[],""imageData"":{""containerData"":{""width"":{""size"":""CONTENT""},""alignment"":""CENTER"",""textWrap"":false},""image"":{""src"":{""id"":""39abad_d61c5469f0ea4b658936ebcd8b0ffd27~mv2.png""},""width"":2650,""height"":9431}}},{""type"":""PARAGRAPH"",""id"":""vanql289"",""nodes"":[],""paragraphData"":{}}],""documentStyle"":{}}","<h5 class=""font_5""><strong>Case Study Summary:</strong></h5>
<p class=""font_7""><br></p>
<p class=""font_9"">PHO24® is Vietnam’s most iconic pho restaurant brand, with over 20 years of heritage and global recognition. As the company pursued international expansion, it needed a digital foundation to support franchise growth and brand storytelling—balancing speed, search optimization, and cultural authenticity.</p>
<p class=""font_7""><br></p>
<p class=""font_7""><br></p>
<h5 class=""font_5""><strong>The Challenge:</strong></h5>
<p class=""font_7""><br></p>
<ul class=""font_9"">
  <li><p class=""font_9"">Outdated website design not aligned with their global positioning</p></li>
  <li><p class=""font_9"">Poor SEO performance with limited content structure</p></li>
  <li><p class=""font_9"">No franchise funnel or strategy to capture new leads</p></li>
  <li><p class=""font_9"">Sluggish page speed and mobile UX gaps</p></li>
</ul>
<p class=""font_8""><br></p>
<p class=""font_8""><br></p>
<h5 class=""font_5""><strong>Our Approach:</strong></h5>
<p class=""font_7""><br></p>
<ul class=""font_9"">
  <li><p class=""font_9"">Designed a clean, modern interface aligned with PHO24®’s evolving brand identity</p></li>
  <li><p class=""font_9"">Rebuilt the SEO structure from the ground up, including content library, internal linking, and metadata</p></li>
  <li><p class=""font_9"">Created new content blocks focused on cultural insights, recipes, and franchise pathways</p></li>
  <li><p class=""font_9"">Optimized performance and responsiveness across all devices</p></li>
</ul>
<p class=""font_8""><br></p>
<p class=""font_8""><br></p>
<h5 class=""font_5""><strong>The Result:</strong></h5>
<p class=""font_7""><br></p>
<ul class=""font_9"">
  <li><p class=""font_9"">A fast, scalable, and SEO-optimized website that feels both authentic and global</p></li>
  <li><p class=""font_9"">Clear CTAs and content flows that engage pho lovers and franchise partners alike</p></li>
  <li><p class=""font_9"">Strong foundations for future international growth and digital content expansion</p></li>
</ul>","[""Business Website""]","/case-studies/pho24","wix:document://v1/ugd/39abad_d8ec6175f6484ed5b7b002acdc804f31.pdf/pho24-case-study.pdf","1713f7e6-6c9d-4e1a-82cf-f4e6b7652fc5",2025-07-31T08:47:36Z,2025-11-18T16:00:28Z,"39abade3-225f-48dc-b890-a7083bf41f35","Redesigning PHO24® for Global Reach | Edge8 Case Study","Learn how Edge8 transformed PHO24’s digital presence with a redesigned website focused on global branding, SEO, and streamlining customer experience."
"Rich Pham","wix:image://v1/39abad_aadc13a9ff1a4c39a792e43433be3146~mv2.avif/hero_edited.avif#originWidth=2147&originHeight=872","<p class=""font_8""><strong>Executive Leadership Reimagined</strong></p>
<p class=""font_8""><br></p>
<p class=""font_8"">From entry-level to C-suite, Rich Pham’s global leadership journey is transformed into a consulting platform powered by consistent, AI-assisted thought leadership.</p>","https://www.richpham.com/","Executive Leadership Reimagined","From Ground-Up Growth to Global Influence","wix:image://v1/39abad_aadc13a9ff1a4c39a792e43433be3146~mv2.avif/hero_edited.avif#originWidth=2147&originHeight=872","{""nodes"":[{""type"":""IMAGE"",""id"":""cv0cj246"",""nodes"":[],""imageData"":{""containerData"":{""width"":{""size"":""CONTENT""},""alignment"":""CENTER"",""textWrap"":true},""image"":{""src"":{""id"":""39abad_9a8e0e20515d4ed9b22fc45ef6a354dc~mv2.png""},""width"":1480,""height"":6716}}},{""type"":""PARAGRAPH"",""id"":""bagv5249"",""nodes"":[],""paragraphData"":{}}],""documentStyle"":{}}","<h5 class=""font_5""><strong>Case Study Summary:</strong></h5>
<p class=""font_7""><br></p>
<p class=""font_9"">Rich Pham’s personal brand platform captures his transformation from entry-level roles to C-suite leadership, founding multiple companies, and navigating setbacks and successes across industries and countries. Built after his exit from Pocari Sweat, the site positions him as a trusted advisor to executives and business owners, combining authenticity with strategic insight to inspire action and accelerate growth.</p>
<p class=""font_7""><br></p>
<p class=""font_7""><br></p>
<h5 class=""font_5""><strong>The Challenge:</strong></h5>
<p class=""font_8""><br></p>
<ul class=""font_8"">
  <li><p class=""font_8"">Needed to transition from corporate executive to independent consultant without losing credibility</p></li>
  <li><p class=""font_8"">Required a brand voice that balanced humility with authority</p></li>
  <li><p class=""font_8"">No central platform to showcase leadership philosophies, case examples, and service offerings</p></li>
  <li><p class=""font_8"">Limited time for ongoing content creation while building a client base</p></li>
</ul>
<p class=""font_9""><br></p>
<p class=""font_8""><br></p>
<h5 class=""font_5""><strong>Our Approach:</strong></h5>
<p class=""font_8""><br></p>
<ul class=""font_8"">
  <li><p class=""font_8"">Designed a clean, confident personal brand website anchored by a powerful origin story and clear service pathways</p></li>
  <li><p class=""font_8"">Structured content into Leadership Insights, Growth Strategies, and Scaling Systems to match audience needs</p></li>
  <li><p class=""font_8"">Integrated an AI-powered content workflow to draft blogs, LinkedIn posts, and email updates in Rich’s voice</p></li>
  <li><p class=""font_8"">Built SEO-ready pages targeting leadership consulting and executive growth keywords</p></li>
  <li><p class=""font_8"">Crafted a lead-generation funnel that nurtures warm contacts into booked consultations</p></li>
</ul>
<p class=""font_8""><br></p>
<p class=""font_8""><br></p>
<h5 class=""font_5""><strong>The Result:</strong></h5>
<p class=""font_7""><br></p>
<ul class=""font_8"">
  <li><p class=""font_8"">A polished digital hub that builds instant trust with C-level audiences</p></li>
  <li><p class=""font_8"">Clear positioning as a leadership strategist with a proven, global track record</p></li>
  <li><p class=""font_8"">Ongoing content engine producing thought leadership with minimal manual effort</p></li>
  <li><p class=""font_8"">Early client wins directly attributed to the website’s credibility and storytelling</p></li>
</ul>
<p class=""font_8""><br></p>
<p class=""font_8""><br></p>
<p class=""font_8""><a href=""https://www.richpham.com/""><u><strong>View Rich Pham's Website</strong></u></a></p>
<p class=""font_8""><br></p>
<p class=""font_8"">Read the full story and explore our personal branding strategies in the complete blog post <a href=""https://www.edge8.ai/post/master-personal-branding-in-2025-with-ai-agents-and-geo""><u><strong>here</strong></u></a></p>","[""Personal Brand Website""]","/case-studies/rich-pham",,"20eb94d4-f48a-471a-a4e0-40c3215418a8",2025-08-18T04:08:44Z,2025-11-18T15:54:04Z,"39abade3-225f-48dc-b890-a7083bf41f35","Executive Leadership Reimagined | Edge8 Case Study","Learn how Edge8 built a digital presence for Rich Pham that communicates executive leadership, growth strategy, and professional authority."
"Grady Golf","wix:image://v1/39abad_5570b5d2d4fd49b68e68c433fc347cc8~mv2.png/Screenshot%202025-07-31%20at%2013.42.36-min.png#originWidth=2702&originHeight=1222","<p class=""font_9""><strong>Building a Beginner-First Golf Brand and E-Commerce Platform</strong></p>
<p class=""font_9""><br></p>
<p class=""font_9"">A dual-journey e-commerce site for new golfers, powered by SEO, learning content, and AI brand alignment—launched in Wix.</p>
<p class=""font_9"">→ Learning Lab UX, 17-lesson path, AI tone engine, and blog strategy</p>","https://www.grady.golf/","Building a Beginner-First Golf Brand","E-Commerce Meets Education with AI Support","wix:image://v1/39abad_5570b5d2d4fd49b68e68c433fc347cc8~mv2.png/Screenshot%202025-07-31%20at%2013.42.36-min.png#originWidth=2702&originHeight=1222","{""nodes"":[{""type"":""IMAGE"",""id"":""yhjkp833"",""nodes"":[],""imageData"":{""containerData"":{""width"":{""size"":""CONTENT""},""alignment"":""CENTER"",""textWrap"":true},""image"":{""src"":{""id"":""39abad_fb6222b6e9f24c08b245645fa7e8b132~mv2.png""},""width"":2006,""height"":12457}}},{""type"":""PARAGRAPH"",""id"":""j7lpg836"",""nodes"":[],""paragraphData"":{}}],""documentStyle"":{}}","<h5 class=""font_5""><strong>Case Study Summary:</strong></h5>
<p class=""font_7""><br></p>
<p class=""font_9"">Grady Golf is a new golf brand that aims to make the sport more accessible and less intimidating for first-time players. They needed a website that could educate, inspire, and convert—all in one place—without overwhelming beginners with technical jargon or high-pressure sales.</p>
<p class=""font_7""><br></p>
<p class=""font_7""><br></p>
<h5 class=""font_5""><strong>The Challenge:</strong></h5>
<p class=""font_7""><br></p>
<ul class=""font_9"">
  <li><p class=""font_9"">Golf perceived as intimidating, exclusive, and complicated for beginners</p></li>
  <li><p class=""font_9"">No structure for combining education and ecommerce</p></li>
  <li><p class=""font_9"">Needed a tone-consistent, beginner-friendly brand identity</p></li>
  <li><p class=""font_9"">Limited team capacity to scale content across blog, social, and product</p></li>
</ul>
<p class=""font_8""><br></p>
<p class=""font_8""><br></p>
<h5 class=""font_5""><strong>Our Approach:</strong></h5>
<p class=""font_7""><br></p>
<ul class=""font_9"">
  <li><p class=""font_9"">Built a dual-path Wix website that balances “Learn” and “Shop” journeys</p></li>
  <li><p class=""font_9"">Created the Grady Learning Lab: 17-part educational flow with a 90-day roadmap</p></li>
  <li><p class=""font_9"">Developed a branded AI prompt engine to generate content at scale</p></li>
  <li><p class=""font_9"">Implemented referral-ready ecommerce checkout and product system</p></li>
  <li><p class=""font_9"">Conducted SEO audits and built blog content pillars aligned with long-tail search behavior</p></li>
</ul>
<p class=""font_8""><br></p>
<p class=""font_8""><br></p>
<h5 class=""font_5""><strong>The Result:</strong></h5>
<p class=""font_7""><br></p>
<ul class=""font_9"">
  <li><p class=""font_9"">A scroll-friendly, clean, and warm digital brand tailored to new golfers</p></li>
  <li><p class=""font_9"">A structured journey that helps first-timers learn, shop, and build confidence</p></li>
  <li><p class=""font_9"">SEO-ready content system and blog hub built for discoverability and growth</p></li>
  <li><p class=""font_9"">Brand identity and voice system ready for future campaigns and partnerships</p></li>
</ul>","[""Business Website""]","/case-studies/grady-golf","wix:document://v1/ugd/39abad_8bced11f8cc3472ca28974d06c40fd1d.pdf/grady-golf-case-study.pdf","24fce510-0742-4552-bb50-0df392f607f9",2025-07-31T08:53:28Z,2025-11-18T15:59:59Z,"39abade3-225f-48dc-b890-a7083bf41f35","Building a Beginner-First Golf Brand | Edge8 Case Study","See how Edge8 helped Grady Golf create a clear, inviting brand and e-commerce platform designed for new golfers entering the sport."
"Nhau Vodka","wix:image://v1/39abad_1d0016fffcb34f86bdc15e2b43277344~mv2.png/Screenshot%202025-07-31%20at%2013.46.37-min.png#originWidth=2700&originHeight=1218","<p class=""font_9""><strong>Building Vietnam’s First Story-Driven Vodka Brand for the Digital Generation</strong></p>
<p class=""font_9""><br></p>
<p class=""font_9"">Edge8 helped launch Nhau Vodka with a Squarespace-powered site that blends cultural storytelling, SEO, and AI-powered content.</p>
<p class=""font_9"">→ Story-first structure, branded prompts, SEO engine, and UGC-ready UX</p>","https://www.nhauvodka.com/","Launching Vietnam’s First Story-Driven Vodka Brand","From Culture to Clicks with SEO and Squarespace","wix:image://v1/39abad_f090801f64784d068d0026777ca5e035~mv2.png/Screenshot%202025-08-01%20at%2016.36.09-min.png#originWidth=2640&originHeight=1186","{""nodes"":[{""type"":""IMAGE"",""id"":""8qtwc956"",""nodes"":[],""imageData"":{""containerData"":{""width"":{""size"":""CONTENT""},""alignment"":""CENTER"",""textWrap"":true},""image"":{""src"":{""id"":""39abad_85e54a91940d41eba035c6b25dddc401~mv2.png""},""width"":2704,""height"":9946}}},{""type"":""PARAGRAPH"",""id"":""iayv6959"",""nodes"":[],""paragraphData"":{}}],""documentStyle"":{}}","<h5 class=""font_5""><strong>Case Study Summary:</strong></h5>
<p class=""font_7""><br></p>
<p class=""font_9"">Alchemy Asia partnered with Edge8 to launch Nhậu Vodka—Vietnam’s first rice vodka inspired by nhậu culture. The project needed to translate cultural pride into a modern brand narrative while complying with strict regulations on alcohol marketing.</p>
<p class=""font_7""><br></p>
<p class=""font_7""><br></p>
<h5 class=""font_5""><strong>The Challenge:</strong></h5>
<p class=""font_7""><br></p>
<ul class=""font_9"">
  <li><p class=""font_9"">No direct sales allowed due to alcohol regulations</p></li>
  <li><p class=""font_9"">Needed to educate a younger generation on “nhậu” culture without sounding old-fashioned</p></li>
  <li><p class=""font_9"">Required strong SEO visibility in a highly restricted advertising category</p></li>
  <li><p class=""font_9"">Platform had to run on Squarespace per client request, limiting backend customization</p></li>
</ul>
<p class=""font_8""><br></p>
<p class=""font_8""><br></p>
<h5 class=""font_5""><strong>Our Approach:</strong></h5>
<p class=""font_7""><br></p>
<ul class=""font_9"">
  <li><p class=""font_9"">Built a sleek, regulation-compliant Squarespace website with custom-coded popup age gate</p></li>
  <li><p class=""font_9"">Developed a storytelling-first architecture with editorial-style navigation: Vodka, Cocktails, Nhậu Tales, Where To Nhậu, Buy Nhậu</p></li>
  <li><p class=""font_9"">Created content pillars rooted in Vietnamese lifestyle and rituals:<br>
- “How to Nhậu” (social drinking etiquette)<br>
- “Tâm Sự” (emotional reflections over drinks)<br>
- “Craftsmanship” (behind the product)</p></li>
  <li><p class=""font_9"">Used prompt engineering to build an AI-powered content system for future blog and social posts</p></li>
  <li><p class=""font_9"">Implemented a social-UGC campaign around #MyNhậuMoment to promote organic brand engagement</p></li>
</ul>
<p class=""font_8""><br></p>
<p class=""font_8""><br></p>
<h5 class=""font_5""><strong>The Result:</strong></h5>
<p class=""font_7""><br></p>
<ul class=""font_9"">
  <li><p class=""font_9"">A visually rich brand experience blending culture, community, and compliance</p></li>
  <li><p class=""font_9"">Organic SEO visibility built on brand storytelling instead of paid ads</p></li>
  <li><p class=""font_9"">Culturally nuanced site that resonates with Gen Z and millennial audiences</p></li>
  <li><p class=""font_9"">Strategic launchpad for future product extensions and campaigns</p></li>
</ul>","[""Business Website""]","/case-studies/nhau-vodka","wix:document://v1/ugd/39abad_517b6cd366cb4846870a9de2cda6ba63.pdf/nhau-vodka-case-study.pdf","2ee331b1-a6ca-4654-8aff-5a639321d87a",2025-07-31T08:54:11Z,2025-11-18T15:55:53Z,"39abade3-225f-48dc-b890-a7083bf41f35","Building Vietnam’s First Story-Driven Vodka Brand | Edge8 Case Study","Discover how Edge8 crafted Nhau Vodka’s brand identity, digital presence, and community-centered storytelling for Vietnam’s modern spirits market."
"AI Officer Institute","wix:image://v1/39abad_1a9ea81a2ac846cc8ea77ef7a590be02~mv2.png/Screenshot%202025-07-31%20at%2013.51.49-min.png#originWidth=2704&originHeight=1508","<p class=""font_9""><strong>AI Brand Engine, Certification Platform, and Global Community</strong></p>
<p class=""font_9""><br></p>
<p class=""font_9"">From brand identity to certification and Circle-powered learning, Edge8 launched a fully AI-integrated ecosystem for upskilling professionals globally.</p>
<p class=""font_9"">→ Brand strategy, SEO content, certification path, and launch campaign</p>","https://www.ai-officer.com/","Launching an AI Certification Ecosystem","Brand, Platform, and Community in One","wix:image://v1/af8920_c0550df997514d0686bf876be3e9ba62~mv2.jpeg/AI-in-business.jpeg#originWidth=1920&originHeight=1280","{""nodes"":[{""type"":""IMAGE"",""id"":""9fzuu1080"",""nodes"":[],""imageData"":{""containerData"":{""width"":{""size"":""CONTENT""},""alignment"":""CENTER"",""textWrap"":true},""image"":{""src"":{""id"":""39abad_229f48fcfb7e47528b2d8041a19a3fcb~mv2.png""},""width"":2704,""height"":18002}}},{""type"":""PARAGRAPH"",""id"":""b6nto1083"",""nodes"":[],""paragraphData"":{}}],""documentStyle"":{}}","<h5 class=""font_5""><strong>Case Study Summary:</strong></h5>
<p class=""font_7""><br></p>
<p class=""font_9"">The AI Officer Institute was created to meet the rising demand for professionals who can lead AI inside organizations. Edge8 developed the full go-to-market stack: from naming, branding, and website development to SEO content, certification logic, and launch strategy.</p>
<p class=""font_7""><br></p>
<p class=""font_7""><br></p>
<h5 class=""font_5""><strong>The Challenge:</strong></h5>
<p class=""font_7""><br></p>
<ul class=""font_9"">
  <li><p class=""font_9"">New, undefined role in the market: “AI Officer”</p></li>
  <li><p class=""font_9"">Needed a trusted and professional brand presence</p></li>
  <li><p class=""font_9"">Required educational credibility while feeling startup-agile</p></li>
  <li><p class=""font_9"">Circle community and certification stack needed to integrate seamlessly</p></li>
</ul>
<p class=""font_8""><br></p>
<p class=""font_8""><br></p>
<h5 class=""font_5""><strong>Our Approach:</strong></h5>
<p class=""font_7""><br></p>
<ul class=""font_9"">
  <li><p class=""font_9"">Created a full brand identity and purpose framework based on founder interviews</p></li>
  <li><p class=""font_9"">Built a responsive website with SEO-rich content, landing pages, and blog</p></li>
  <li><p class=""font_9"">Developed a multi-level certification system aligned with business use cases</p></li>
  <li><p class=""font_9"">Designed Circle community onboarding and content experience</p></li>
  <li><p class=""font_9"">Planned an 8-day launch calendar with social, email, and event strategies</p></li>
</ul>
<p class=""font_8""><br></p>
<p class=""font_8""><br></p>
<h5 class=""font_5""><strong>The Result:</strong></h5>
<p class=""font_7""><br></p>
<ul class=""font_9"">
  <li><p class=""font_9"">Launch-ready platform with clear positioning for business leaders and professionals</p></li>
  <li><p class=""font_9"">Scalable community + certification engine</p></li>
  <li><p class=""font_9"">Trusted voice in the AI education ecosystem</p></li>
  <li><p class=""font_9"">Official launch set for August 8 with structured growth roadmap</p></li>
</ul>","[""Business Website""]","/case-studies/ai-officer-institute","wix:document://v1/ugd/39abad_27de4ab637684338b7cba02a00d67bab.pdf/ai-officer-institute-case-study.pdf","3067540a-7cc2-42b9-9004-cb0df2e04cdd",2025-07-31T08:54:59Z,2025-11-18T15:54:35Z,"39abade3-225f-48dc-b890-a7083bf41f35","Launching an AI Certification Ecosystem | Edge8 Case Study","Learn how Edge8 developed the AI Officer Institute’s brand engine, certification platform, and global community for next-generation AI leadership."
"OnTarget (Abound Health)","wix:image://v1/af8920_10b1d121e48c4fb8b2e1b632628dccdf~mv2.png/1280X1280.PNG#originWidth=1280&originHeight=554","<p class=""font_9""><strong>AI-Enhanced Dev Tools for Faster Engineering Execution</strong></p>
<p class=""font_9""><br></p>
<p class=""font_9"">Edge8’s OnTarget team partnered with Abound Health to modernize internal platforms with AI-assisted development. From CI/CD automation to Copilot integration and productivity optimization, the project helped engineering teams ship faster, reduce errors, and scale confidently.</p>
<p class=""font_9"">→ CI/CD automation, Copilot integration, and 30% dev productivity boost</p>",,"Engineering Excellence Across Platforms","From CI/CD to AI-Assisted Dev Tools","wix:image://v1/af8920_7a99bd972fa44ca5a8be3d5b6642a98d~mv2.jpg/475021871_9549950741723527_4923715457661172828_n_edited.jpg#originWidth=1640&originHeight=545","{""nodes"":[{""type"":""PARAGRAPH"",""id"":""vz310913"",""nodes"":[],""paragraphData"":{}},{""type"":""LAYOUT"",""id"":""d2pi3914"",""nodes"":[{""type"":""LAYOUT_CELL"",""id"":""d6o3t911"",""nodes"":[{""type"":""IMAGE"",""id"":""goz46924"",""nodes"":[],""imageData"":{""containerData"":{""width"":{""size"":""CONTENT""},""alignment"":""CENTER"",""textWrap"":false},""image"":{""src"":{""id"":""39abad_38c11d5e48aa4975a202209dcae166f7~mv2.png""},""width"":1065,""height"":592}}}],""layoutCellData"":{}},{""type"":""LAYOUT_CELL"",""id"":""kieky912"",""nodes"":[{""type"":""IMAGE"",""id"":""vu5cz940"",""nodes"":[],""imageData"":{""containerData"":{""width"":{""size"":""CONTENT""},""alignment"":""CENTER"",""textWrap"":false},""image"":{""src"":{""id"":""39abad_9acd09e4e325449594d05603de45fad4~mv2.png""},""width"":1067,""height"":592}}}],""layoutCellData"":{}}]},{""type"":""PARAGRAPH"",""id"":""2ah8a915"",""nodes"":[],""paragraphData"":{}}],""documentStyle"":{}}","<h5 class=""font_5""><strong>Case Study Summary:</strong></h5>
<p class=""font_7""><br></p>
<p class=""font_9"">OnTarget is Edge8’s Vietnam-based engineering team supporting high-velocity tech companies. In this engagement, the team partnered with Abound Health to re-architect mobile pipelines, modernize infrastructure, and implement AI-assisted development practices.</p>
<p class=""font_7""><br></p>
<p class=""font_7""><br></p>
<h5 class=""font_5""><strong>The Challenge:</strong></h5>
<p class=""font_7""><br></p>
<ul class=""font_9"">
  <li><p class=""font_9"">Unstructured CI/CD pipeline for mobile releases</p></li>
  <li><p class=""font_9"">Outdated Java infrastructure and desktop frontend</p></li>
  <li><p class=""font_9"">Lack of security layers including MFA and API protection</p></li>
  <li><p class=""font_9"">Low test coverage and fragmented technical documentation</p></li>
  <li><p class=""font_9"">No tooling in place for AI-assisted development</p></li>
</ul>
<p class=""font_8""><br></p>
<p class=""font_8""><br></p>
<h5 class=""font_5""><strong>Our Approach:</strong></h5>
<p class=""font_7""><br></p>
<ul class=""font_9"">
  <li><p class=""font_9"">Owned and executed CI/CD pipelines for mobile + desktop</p></li>
  <li><p class=""font_9"">Upgraded from JDK 8 to JDK 17, validating performance and stability</p></li>
  <li><p class=""font_9"">Patched XSS vulnerabilities, secured forgotten password flow, and implemented MFA</p></li>
  <li><p class=""font_9"">Scaled test coverage from 20% to 50% across integration + unit tests</p></li>
  <li><p class=""font_9"">Redesigned user interface with a modern, intuitive layout</p></li>
  <li><p class=""font_9"">Evaluated and implemented GitHub Copilot for AI code assistance</p></li>
  <li><p class=""font_9"">Strengthened peer code review, onboarding docs, and domain-specific knowledge base</p></li>
</ul>
<p class=""font_8""><br></p>
<p class=""font_8""><br></p>
<h5 class=""font_5""><strong>The Result:</strong></h5>
<p class=""font_7""><br></p>
<ul class=""font_9"">
  <li><p class=""font_9"">Faster, more secure mobile release cycles</p></li>
  <li><p class=""font_9"">Strengthened platform security and maintainability</p></li>
  <li><p class=""font_9"">Significant UI/UX improvements across OnTarget products</p></li>
  <li><p class=""font_9"">30% increase in developer productivity with AI code assist</p></li>
  <li><p class=""font_9"">Enhanced onboarding and technical documentation infrastructure</p></li>
  <li><p class=""font_9"">A resilient engineering culture aligned with innovation and speed</p></li>
</ul>
<p class=""font_8""><br></p>
<p class=""font_8""><br></p>
<p class=""font_8""><a href=""https://www.aboundhealth.com""><u><strong>View Abound Health's Website</strong></u></a></p>","[""AI Program""]","/case-studies/ontarget-abound-health","wix:document://v1/ugd/39abad_7c04b8c64650453aa862737a3a56aca4.pdf/ontarget-case-study.pdf","31b63976-3944-43df-b004-0f11a6f95e23",2025-07-31T08:44:20Z,2025-11-18T16:01:13Z,"39abade3-225f-48dc-b890-a7083bf41f35","Engineering Excellence Across Platforms | Edge8 Case Study","Discover how Edge8 enhanced OnTarget’s engineering workflows with AI-enhanced tools, automation, and cross-platform execution improvements."
"Fab Four Academy","wix:image://v1/39abad_01d22f0584c84f1f9c22f5af9d9d9c45~mv2.jpg/3481380_1-min.jpg#originWidth=2000&originHeight=1175","<p class=""font_9""><strong>Leadership Lessons Inspired by The Beatles—Delivered with Strategic Precision</strong></p>
<p class=""font_9""><br></p>
<p class=""font_9"">Edge8 helped Fab Four Academy build a distinctive, content-led digital presence from scratch. From nostalgic brand design to a full conversion ecosystem, the site translates The Beatles' legendary journey into actionable leadership insights—positioning Dan Absher as a trusted voice for Gen X executives.</p>
<p class=""font_9"">→ 1960s-inspired brand system, daily email engine, and a full leadership learning hub</p>","https://www.fabfouracademy.com/","From Passion to Business: The Fab Four Academy Launch","How strategic digital marketing turned a personal passion into a professional brand","wix:image://v1/39abad_8a03d218fe1f479892a518b59247d4aa~mv2.jpg/3481380_1-min_edited.jpg#originWidth=2000&originHeight=604","{""nodes"":[{""type"":""IMAGE"",""id"":""3tktv1201"",""nodes"":[],""imageData"":{""containerData"":{""width"":{""size"":""CONTENT""},""alignment"":""CENTER"",""textWrap"":true},""image"":{""src"":{""id"":""39abad_d77b9f41c3174bf7a0d48dc224412cd0~mv2.png""},""width"":1724,""height"":6059}}},{""type"":""PARAGRAPH"",""id"":""07x021204"",""nodes"":[],""paragraphData"":{}}],""documentStyle"":{}}","<h5 class=""font_5""><strong>Case Study Summary:</strong></h5>
<p class=""font_7""><br></p>
<p class=""font_9"">Fab Four Academy transforms The Beatles' legendary journey into actionable leadership lessons for Gen X executives. Edge8 developed the complete digital foundation: a brand book, full website with conversion-optimized pages, automated daily wisdom email system, and comprehensive SEO strategy.</p>
<p class=""font_7""><br></p>
<p class=""font_7""><br></p>
<h5 class=""font_5""><strong>The Challenge:</strong></h5>
<p class=""font_7""><br></p>
<ul class=""font_9"">
  <li><p class=""font_9"">Balancing authenticity and business goals</p></li>
  <li><p class=""font_9"">Differentiation in a crowded market</p></li>
  <li><p class=""font_9"">Balancing nostalgia with professionalism</p></li>
  <li><p class=""font_9"">No digital presence</p></li>
  <li><p class=""font_9"">Position Dan Absher as a thought leader</p></li>
</ul>
<p class=""font_8""><br></p>
<p class=""font_8""><br></p>
<h5 class=""font_5""><strong>Our Approach:</strong></h5>
<p class=""font_7""><br></p>
<ul class=""font_9"">
  <li><p class=""font_9"">Laying the groundwork with research</p></li>
  <li><p class=""font_9"">Multi-Touchpoint Conversion Strategy</p></li>
  <li><p class=""font_9"">Content-First Brand Building</p></li>
  <li><p class=""font_9"">Funnel-Based Launch Strategy</p></li>
</ul>
<p class=""font_8""><br></p>
<p class=""font_8""><br></p>
<h5 class=""font_5""><strong>The Result:</strong></h5>
<p class=""font_7""><br></p>
<ul class=""font_9"">
  <li><p class=""font_9"">11,000+ site events in two months show strong early engagement.</p></li>
  <li><p class=""font_9"">Nearly 100 subscribers in the first 60 days confirm market interest.</p></li>
</ul>","[""Business Website""]","/case-studies/fab-four-academy","wix:document://v1/ugd/39abad_87ad4666271d4153b24d3bbdc3864c3e.pdf/Fab%20Four%20Academy's%20Case%20Study%20.pdf","347b6124-2bdd-4517-a9e9-05d870b7bbe3",2025-07-31T08:55:42Z,2025-11-18T15:54:20Z,"39abade3-225f-48dc-b890-a7083bf41f35","Leadership Lessons Inspired by The Beatles | Edge8 Case Study","See how Edge8 created a brand and platform for Fab Four Academy, blending Beatles-inspired leadership lessons with a modern digital experience."
"Angi Hurt","wix:image://v1/39abad_b955236b8baa4b288182e0f1b5c553fa~mv2.png/Angi%20(13)%20copy_edited.png#originWidth=1006&originHeight=649","<p class=""font_8""><strong>Building the Midwest’s Strategic Nexus</strong></p>
<p class=""font_8""><br></p>
<p class=""font_8"">Angi Hurt’s platform connects Midwest business leaders through authentic storytelling and AI-optimized content, making her a regional hub for collaboration.</p>","https://www.angihurt.com/","Building the Midwest’s Strategic Nexus","Networking and Growth Through Personal Branding","wix:image://v1/39abad_b2dba65e921249e5b3520ad4339cd3d0~mv2.jpg/Optimized_13_edited.jpg#originWidth=2000&originHeight=614","{""nodes"":[{""type"":""IMAGE"",""id"":""ebys4575"",""nodes"":[],""imageData"":{""containerData"":{""width"":{""size"":""CONTENT""},""alignment"":""CENTER"",""textWrap"":true},""image"":{""src"":{""id"":""39abad_bf088f27dca54341a41a6104f6bd4433~mv2.png""},""width"":2158,""height"":11582}}},{""type"":""PARAGRAPH"",""id"":""xz42s578"",""nodes"":[],""paragraphData"":{}}],""documentStyle"":{}}","<h5 class=""font_5""><strong>Case Study Summary:</strong></h5>
<p class=""font_7""><br></p>
<p class=""font_9"">Angi Hurt’s personal brand website transforms her reputation for connecting business leaders into a central hub for collaboration, mentorship, and growth. By weaving her small-town authenticity with corporate expertise, the platform elevates her visibility and strengthens her role as a catalyst for Midwest business innovation.</p>
<p class=""font_7""><br></p>
<p class=""font_7""><br></p>
<h5 class=""font_5""><strong>The Challenge:</strong></h5>
<p class=""font_8""><br></p>
<ul class=""font_8"">
  <li><p class=""font_8"">Needed a cohesive online presence to connect her diverse professional activities</p></li>
  <li><p class=""font_8"">Wanted to expand influence beyond local circles without losing regional authenticity</p></li>
  <li><p class=""font_8"">No formal platform to highlight her track record, partnerships, and insights</p></li>
  <li><p class=""font_8"">Required a scalable system for sharing updates, articles, and opportunities</p></li>
</ul>
<p class=""font_9""><br></p>
<p class=""font_8""><br></p>
<h5 class=""font_5""><strong>Our Approach:</strong></h5>
<p class=""font_8""><br></p>
<ul class=""font_8"">
  <li><p class=""font_8"">Developed a personal brand website blending <strong>Midwest values</strong> with a polished, professional aesthetic</p></li>
  <li><p class=""font_8"">Organized content into <strong>Partnership Stories</strong>, <strong>Leadership Insights</strong>, and <strong>Growth Opportunities</strong></p></li>
  <li><p class=""font_8"">Created a blog strategy targeting collaboration, networking, and regional growth keywords</p></li>
  <li><p class=""font_8"">Integrated AI-driven publishing for regular LinkedIn and newsletter content</p></li>
  <li><p class=""font_8"">Designed a partnership inquiry form and event calendar to encourage engagement</p></li>
</ul>
<p class=""font_8""><br></p>
<p class=""font_8""><br></p>
<h5 class=""font_5""><strong>The Result:</strong></h5>
<p class=""font_7""><br></p>
<ul class=""font_8"">
  <li><p class=""font_8"">A credible, accessible platform positioning Angi as a go-to regional connector</p></li>
  <li><p class=""font_8"">Strengthened brand recognition across multiple Midwest markets</p></li>
  <li><p class=""font_8"">Scalable content and events calendar that keeps her network engaged year-round</p></li>
  <li><p class=""font_8"">New partnership inquiries generated within weeks of launch</p></li>
</ul>
<p class=""font_8""><br></p>
<p class=""font_8""><br></p>
<p class=""font_8""><a href=""https://www.angihurt.com/""><u><strong>View Angi Hurt's Website</strong></u></a></p>
<p class=""font_8""><br></p>
<p class=""font_8"">Read the full story and explore our personal branding strategies in the complete blog post <a href=""https://www.edge8.ai/post/master-personal-branding-in-2025-with-ai-agents-and-geo""><u><strong>here</strong></u></a></p>","[""Personal Brand Website""]","/case-studies/angi-hurt",,"397b4e22-c106-4a3a-8e8e-5cf5ac38ca51",2025-08-18T06:28:03Z,2025-11-18T15:53:48Z,"39abade3-225f-48dc-b890-a7083bf41f35","Building the Midwest’s Strategic Nexus | Edge8 Case Study","Explore how Edge8 supported Angi Hurt in shaping a strategic digital platform that amplifies influence, leadership, and regional economic development."
"Vespa Adventures","wix:image://v1/eaf60c_e6a3026b8423440cae5799d332e6ac57~mv2.jpg/THE-INSIDERS-SAIGON-10.jpg#originWidth=1620&originHeight=1080","<p class=""font_9""><strong>Transforming a Beautiful Travel Website into a Revenue-Generating Engine</strong></p>
<p class=""font_9""><br></p>
<p class=""font_9"">Edge8 turned Vespa Adventures’ site into a conversion machine—integrating booking, CRM, and content funnels powered by AI.</p>
<p class=""font_9"">→ Booking CRM sync, blog-to-booking flow, and internal linking strategy</p>","https://www.vespaadventures.com/","Rebuild Their Digital Experience to Drive Growth","From Generic Ecommerce to Purposeful Design","wix:image://v1/eaf60c_e6a3026b8423440cae5799d332e6ac57~mv2.jpg/THE-INSIDERS-SAIGON-10.jpg#originWidth=1620&originHeight=1080","{""nodes"":[{""type"":""PARAGRAPH"",""id"":""vl5vj1189"",""nodes"":[],""paragraphData"":{}},{""type"":""HEADING"",""id"":""yygra580"",""nodes"":[{""type"":""TEXT"",""id"":"""",""nodes"":[],""textData"":{""text"":""BEFORE"",""decorations"":[{""type"":""BOLD"",""fontWeightValue"":700}]}}],""headingData"":{""level"":3,""textStyle"":{""textAlignment"":""AUTO""}}},{""type"":""PARAGRAPH"",""id"":""lecc7584"",""nodes"":[],""paragraphData"":{""textStyle"":{""textAlignment"":""AUTO""}}},{""type"":""IMAGE"",""id"":""1fsuq1241"",""nodes"":[],""imageData"":{""containerData"":{""width"":{""size"":""CONTENT""},""alignment"":""CENTER"",""textWrap"":false},""image"":{""src"":{""id"":""39abad_b6af2bb5f33a41a5bce10fc6bec486b9~mv2.png""},""width"":1058,""height"":472}}},{""type"":""PARAGRAPH"",""id"":""xecri573"",""nodes"":[],""paragraphData"":{}},{""type"":""HEADING"",""id"":""e8vg1527"",""nodes"":[{""type"":""TEXT"",""id"":"""",""nodes"":[],""textData"":{""text"":""AFTER"",""decorations"":[{""type"":""BOLD"",""fontWeightValue"":700}]}}],""headingData"":{""level"":3,""textStyle"":{""textAlignment"":""AUTO""}}},{""type"":""PARAGRAPH"",""id"":""4j91j618"",""nodes"":[],""paragraphData"":{""textStyle"":{""textAlignment"":""AUTO""}}},{""type"":""IMAGE"",""id"":""jvbir1219"",""nodes"":[],""imageData"":{""containerData"":{""width"":{""size"":""CONTENT""},""alignment"":""CENTER"",""textWrap"":false},""image"":{""src"":{""id"":""39abad_436c1d25d27e46339786084aeb5eabb5~mv2.png""},""width"":1617,""height"":15457}}},{""type"":""PARAGRAPH"",""id"":""gnqqd552"",""nodes"":[],""paragraphData"":{}}],""documentStyle"":{}}","<h5 class=""font_5""><strong>Case Study Summary:</strong></h5>
<p class=""font_7""><br></p>
<p class=""font_9"">Vespa Adventures is Southeast Asia’s leading Vespa tour operator, known for immersive local experiences across Vietnam, Cambodia, and Thailand. The company needed a website that not only showcased their personality and cultural experiences, but also captured, nurtured, and converted interest from global travelers into real bookings.</p>
<p class=""font_7""><br></p>
<p class=""font_7""><br></p>
<h5 class=""font_5""><strong>The Challenge:</strong></h5>
<p class=""font_7""><br></p>
<ul class=""font_9"">
  <li><p class=""font_9"">An outdated ecommerce site that didn’t reflect “The Ride of Your Life” brand promise</p></li>
  <li><p class=""font_9"">Manual, disconnected booking processes</p></li>
  <li><p class=""font_9"">No structure to support discovery–phase travelers</p></li>
  <li><p class=""font_9"">No SEO or authority content strategy to capture high-intent traffic</p></li>
</ul>
<p class=""font_8""><br></p>
<p class=""font_8""><br></p>
<h5 class=""font_5""><strong>Our Approach:</strong></h5>
<p class=""font_7""><br></p>
<ul class=""font_9"">
  <li><p class=""font_9"">Built a fully integrated booking + CRM system</p></li>
  <li><p class=""font_9"">Developed authority pages aligned with top search intents (e.g., “Things to Do in Hanoi”)</p></li>
  <li><p class=""font_9"">Created blog-driven funnels to guide discovery ➔ interest ➔ booking</p></li>
  <li><p class=""font_9"">Launched lead magnets and nurture flows for better conversion rates</p></li>
</ul>
<p class=""font_8""><br></p>
<p class=""font_8""><br></p>
<h5 class=""font_5""><strong>The Result:</strong></h5>
<p class=""font_7""><br></p>
<ul class=""font_9"">
  <li><p class=""font_9"">A system that captures travelers earlier in their planning process</p></li>
  <li><p class=""font_9"">Automated lead flows and CRM integration for better visibility and tracking</p></li>
  <li><p class=""font_9"">A site built for discovery, booking, and long-term brand engagement</p></li>
  <li><p class=""font_9"">10,000 to 18,000 indexed words, signaling strong SEO content growth</p></li>
  <li><p class=""font_9"">135% increase in organic traffic year-over-year</p></li>
  <li><p class=""font_9"">Hanoi tour sales increased by 35%, with more travelers converting from blog traffic to booked tours</p></li>
</ul>","[""Business Website""]","/case-studies/vespa-adventures","wix:document://v1/ugd/39abad_fb5d266470a1446393fcaf6150b3c15f.pdf/vespa-adventures-case-study.pdf","485e30eb-1507-4cc2-93ee-38735d7eec5a",2025-07-31T08:45:56Z,2025-11-18T16:00:42Z,"39abade3-225f-48dc-b890-a7083bf41f35","Transforming a Travel Website Into a Revenue Engine | Edge8 Case Study","Explore how Edge8 rebuilt Vespa Adventures’ website to increase bookings, elevate storytelling, and deliver measurable revenue growth."
"Wink Hotels (Travel Buddy)","wix:image://v1/39abad_9e1db80ef81143ddb70a7bad5914ca64~mv2.jpg/Facade-9.jpg#originWidth=1920&originHeight=1439","<p class=""font_9""><strong>Revolutionizing Guest Experience with AI Travel Assistance</strong></p>
<p class=""font_9""><br></p>
<p class=""font_9"">Travel Buddy is a multilingual AI travel companion built for Wink Hotels—guiding guests with smart recommendations, chat support, and storytelling.&nbsp;</p>
<p class=""font_9"">→ AI Chat Agent, Audio Guide, Discover Feed, and UGC Platform</p>",,"Redefining Guest Experience Through AI Travel Assistant","Multilingual, Mobile, and Made for Stories","wix:image://v1/39abad_9e1db80ef81143ddb70a7bad5914ca64~mv2.jpg/Facade-9.jpg#originWidth=1920&originHeight=1439","{""nodes"":[{""type"":""PARAGRAPH"",""id"":""cpj0x613"",""nodes"":[],""paragraphData"":{}},{""type"":""GALLERY"",""id"":""x38oh608"",""nodes"":[],""galleryData"":{""items"":[{""image"":{""media"":{""src"":{""url"":""39abad_ac48a6c37789424eb0e358a2cd66c9b5~mv2.png""},""width"":1144,""height"":1210}}},{""image"":{""media"":{""src"":{""url"":""39abad_45ead0545dff4abb81d3d68eaf82871f~mv2.png""},""width"":820,""height"":1830}}},{""image"":{""media"":{""src"":{""url"":""39abad_29646133baad4c7bba3fc4caf522dc96~mv2.png""},""width"":1236,""height"":1280}}},{""image"":{""media"":{""src"":{""url"":""39abad_698230fa17b542cfb1d87fa0a8e225c4~mv2.png""},""width"":1236,""height"":1280}}},{""image"":{""media"":{""src"":{""url"":""39abad_7fe8f2f8b453426496e71adbdbb9f3b8~mv2.png""},""width"":1280,""height"":631}}},{""image"":{""media"":{""src"":{""url"":""39abad_2b599b14aed2471e9ad8dc49f9ff01ee~mv2.png""},""width"":1280,""height"":682}}},{""image"":{""media"":{""src"":{""url"":""39abad_5a8eb0716dbe4331b736d63480618055~mv2.png""},""width"":1280,""height"":610}}}],""options"":{""layout"":{""type"":""COLLAGE"",""horizontalScroll"":false,""orientation"":""ROWS""},""item"":{""targetSize"":300,""crop"":""FILL""},""thumbnails"":{""placement"":""NONE""}}}},{""type"":""PARAGRAPH"",""id"":""cj8d1609"",""nodes"":[],""paragraphData"":{}}],""documentStyle"":{}}","<h5 class=""font_5""><strong>Case Study Summary:</strong></h5>
<p class=""font_7""><br></p>
<p class=""font_9"">Wink Hotels wanted to create a modern, connected guest experience beyond traditional hotel apps. Travel Buddy was born—a conversational travel assistant designed to guide, entertain, and support guests throughout their stay in Vietnam.</p>
<p class=""font_7""><br></p>
<p class=""font_7""><br></p>
<h5 class=""font_5""><strong>The Challenge:</strong></h5>
<p class=""font_7""><br></p>
<ul class=""font_9"">
  <li><p class=""font_9"">International guests struggled with language and cultural navigation</p></li>
  <li><p class=""font_9"">Staff had limited bandwidth for personalized recommendations</p></li>
  <li><p class=""font_9"">No digital experience to extend brand storytelling</p></li>
</ul>
<p class=""font_9""><br></p>
<p class=""font_9""><br></p>
<h5 class=""font_5""><strong>Our Approach:</strong></h5>
<p class=""font_7""><br></p>
<ul class=""font_9"">
  <li><p class=""font_9"">Built a multilingual AI chatbot trained on local experiences and FAQs</p></li>
  <li><p class=""font_9"">Designed a Discover Feed to surface nearby attractions, events, and deals</p></li>
  <li><p class=""font_9"">Integrated an audio tour system that auto-detects location for hands-free city guides</p></li>
  <li><p class=""font_9"">Enabled user-generated stories with photos, captions, and sharing tools</p></li>
</ul>
<p class=""font_8""><br></p>
<p class=""font_8""><br></p>
<h5 class=""font_5""><strong>The Result:</strong></h5>
<p class=""font_7""><br></p>
<ul class=""font_9"">
  <li><p class=""font_9"">A mobile-first guest experience that turns hospitality into exploration</p></li>
  <li><p class=""font_9"">Reduced pressure on front desk and concierge staff</p></li>
  <li><p class=""font_9"">Guests report feeling more connected to Vietnam’s culture</p></li>
  <li><p class=""font_9"">Unique digital storytelling layer that builds brand loyalty and buzz</p></li>
</ul>
<p class=""font_8""><br></p>
<p class=""font_8""><br></p>
<p class=""font_8""><a href=""https://wink-hotels.com/en/""><u><strong>View Wink Hotel's Website</strong></u></a></p>","[""AI Program""]","/case-studies/wink-hotels-travel-buddy","wix:document://v1/ugd/39abad_b5f10418417d494d8edd72f33efe08eb.pdf/travel-buddy-wink-hotels-case-study.pdf","89cb772c-4406-4fc3-84af-f7e931af2250",2025-07-31T08:43:20Z,2025-11-18T16:01:26Z,"39abade3-225f-48dc-b890-a7083bf41f35","Revolutionizing Guest Experience With AI | Edge8 Case Study","Learn how Edge8 helped Wink Hotels build Travel Buddy—an AI-powered concierge improving guest experience, personalization, and hotel efficiency."
"InvestMigrate","wix:image://v1/af8920_281656e36e2346e48b7e78c38d677b6c~mv2.avif/39abad_1ef8aa1aafb44dfd9738cdf93886a3d3~mv2.jpg.avif#originWidth=1599&originHeight=1333","<p class=""font_9""><strong>Building a Trusted SEO Funnel for Visa Consultation in Nigeria</strong></p>
<p class=""font_9""><br></p>
<p class=""font_9"">Edge8 delivered a regional authority page supported by internal linking and SEO automation—guiding users from search to consultation.</p>
<p class=""font_9"">→ AI-powered funnel, blog architecture, and trust-based content system</p>","https://www.investmigrate.com/","Building a Trusted EB-3 Page That Converts","Localized Authority Page for Visa Leads in Nigeria","wix:image://v1/39abad_4589653fa99744a6983e5831ecb9d580~mv2.jpg/pexels-karolina-grabowska-4386426.jpg#originWidth=6493&originHeight=4329","{""nodes"":[{""type"":""PARAGRAPH"",""id"":""lyfoz2515"",""nodes"":[],""paragraphData"":{}},{""type"":""LAYOUT"",""id"":""vmx9u2516"",""nodes"":[{""type"":""LAYOUT_CELL"",""id"":""d9kue2513"",""nodes"":[{""type"":""HEADING"",""id"":""utjko2518"",""nodes"":[{""type"":""TEXT"",""id"":"""",""nodes"":[],""textData"":{""text"":""BEFORE"",""decorations"":[{""type"":""BOLD"",""fontWeightValue"":700}]}}],""headingData"":{""level"":3,""textStyle"":{""textAlignment"":""AUTO""}}},{""type"":""IMAGE"",""id"":""b1ctu2545"",""nodes"":[],""imageData"":{""containerData"":{""width"":{""size"":""CONTENT""},""alignment"":""CENTER"",""textWrap"":false},""image"":{""src"":{""id"":""39abad_31949cc5b46e4508a66e3fe2ab4cfc8a~mv2.png""},""width"":1061,""height"":572}}}],""layoutCellData"":{}},{""type"":""LAYOUT_CELL"",""id"":""7cnsj2514"",""nodes"":[{""type"":""HEADING"",""id"":""cg7pt2519"",""nodes"":[{""type"":""TEXT"",""id"":"""",""nodes"":[],""textData"":{""text"":""AFTER"",""decorations"":[{""type"":""BOLD"",""fontWeightValue"":700}]}}],""headingData"":{""level"":3,""textStyle"":{""textAlignment"":""AUTO""}}},{""type"":""IMAGE"",""id"":""du14b2570"",""nodes"":[],""imageData"":{""containerData"":{""width"":{""size"":""CONTENT""},""alignment"":""CENTER"",""textWrap"":false},""image"":{""src"":{""id"":""39abad_4adc2cb537ce42ba87c2a6a8026cb10f~mv2.png""},""width"":1067,""height"":608}}}],""layoutCellData"":{}}]},{""type"":""PARAGRAPH"",""id"":""m889w2517"",""nodes"":[],""paragraphData"":{}}],""documentStyle"":{}}","<h5 class=""font_5""><strong>Case Study Summary:</strong></h5>
<p class=""font_7""><br></p>
<p class=""font_9"">InvestMigrate is a U.S.-based immigration consultancy helping skilled professionals navigate visa options like EB-3. To build trust with Nigerian audiences, they needed a high-performance content funnel tailored to the needs, search behavior, and skepticism of the local market.</p>
<p class=""font_7""><br></p>
<p class=""font_7""><br></p>
<h5 class=""font_5""><strong>The Challenge:</strong></h5>
<p class=""font_7""><br></p>
<ul class=""font_9"">
  <li><p class=""font_9"">No dedicated entry point for Nigerian EB-3 visa applicants</p></li>
  <li><p class=""font_9"">Scattered messaging and low SEO performance for relevant search terms</p></li>
  <li><p class=""font_9"">Lack of trust signals for an audience wary of scams</p></li>
  <li><p class=""font_9"">No content funnel guiding users from search to consultation</p></li>
</ul>
<p class=""font_8""><br></p>
<p class=""font_8""><br></p>
<h5 class=""font_5""><strong>Our Approach:</strong></h5>
<p class=""font_7""><br></p>
<ul class=""font_9"">
  <li><p class=""font_9"">Designed and built a dedicated EB-3 visa authority page targeting Nigerian professionals</p></li>
  <li><p class=""font_9"">Integrated success stories, visual trust cues, and localized messaging</p></li>
  <li><p class=""font_9"">Optimized for search queries like “EB-3 visa Nigeria” and “U.S. work visa for unskilled workers”</p></li>
  <li><p class=""font_9"">Built a supporting internal linking structure from blog content to strengthen SEO</p></li>
</ul>
<p class=""font_8""><br></p>
<p class=""font_8""><br></p>
<h5 class=""font_5""><strong>The Result:</strong></h5>
<p class=""font_7""><br></p>
<ul class=""font_9"">
  <li><p class=""font_9"">A high-converting landing page that acts as the digital center of the EB-3 funnel</p></li>
  <li><p class=""font_9"">Clearer, more confident positioning for Nigerian professionals and families</p></li>
  <li><p class=""font_9"">Stronger lead quality and improved consultation-to-application conversion rate</p></li>
</ul>","[""Business Website""]","/case-studies/investmigrate","wix:document://v1/ugd/39abad_9a5cedf96a67459cbac98b3740a228c4.pdf/investmigrate-case-study.pdf","9974c4cf-87b9-416d-9c5d-ca2e7972edd6",2025-07-31T08:51:54Z,2025-11-18T16:00:14Z,"39abade3-225f-48dc-b890-a7083bf41f35","Building a Trusted EB-3 Page That Converts | Edge8 Case Study","Discover how Edge8 built InvestMigrate’s high-converting EB-3 funnel with authority content, customer clarity, and optimized digital touchpoints."
"Steve Muller","wix:image://v1/39abad_c1ed19c42afc4cbf943c8505b5612375~mv2.jpg/steve-mueller-e1496322414842-min.jpg#originWidth=1920&originHeight=1281","<p class=""font_8""><strong>Storytelling Vietnam Through Vespa Adventures</strong></p>
<p class=""font_8""><br></p>
<p class=""font_8"">Steve Muller’s personal brand blends sustainable tourism storytelling with AI-supported content production to attract travelers seeking authentic experiences.</p>","https://www.stevesvespa.com/","Storytelling Vietnam Through Vespa Adventures","Passion, Culture, and Sustainable Tourism Online","wix:image://v1/39abad_d41dba75e22f4a08835812ac538cd3ee~mv2.png/INSIDERS-HANOI-7_edited.png#originWidth=1482&originHeight=908","{""nodes"":[{""type"":""IMAGE"",""id"":""8fja01171"",""nodes"":[],""imageData"":{""containerData"":{""width"":{""size"":""CONTENT""},""alignment"":""CENTER"",""textWrap"":true},""image"":{""src"":{""id"":""39abad_9250f8623163493a9533b864da9cda7f~mv2.png""},""width"":2704,""height"":18264}}},{""type"":""PARAGRAPH"",""id"":""dvzm21174"",""nodes"":[],""paragraphData"":{}}],""documentStyle"":{}}","<h5 class=""font_5""><strong>Case Study Summary:</strong></h5>
<p class=""font_7""><br></p>
<p class=""font_9"">Steve Muller’s personal brand site, built around Vespa Adventures, brings Vietnam’s culture and landscapes to life through immersive storytelling. Designed to resonate with travelers seeking authentic, sustainable experiences, the platform showcases his passion while driving tour bookings and brand partnerships.</p>
<p class=""font_7""><br></p>
<p class=""font_7""><br></p>
<h5 class=""font_5""><strong>The Challenge:</strong></h5>
<p class=""font_8""><br></p>
<ul class=""font_8"">
  <li><p class=""font_8"">Needed to showcase personal passion while reinforcing business credibility</p></li>
  <li><p class=""font_8"">Required an experience-driven design to capture the excitement of Vespa travel</p></li>
  <li><p class=""font_8"">Wanted to integrate sustainability messaging without sounding commercial</p></li>
  <li><p class=""font_8"">No system for scaling story-driven content across web, blog, and social</p></li>
</ul>
<p class=""font_9""><br></p>
<p class=""font_8""><br></p>
<h5 class=""font_5""><strong>Our Approach:</strong></h5>
<p class=""font_8""><br></p>
<ul class=""font_8"">
  <li><p class=""font_8"">Created a visually immersive website balancing <strong>Travel Stories</strong>, <strong>Sustainable Tourism Initiatives</strong>, and <strong>Booking Integration</strong></p></li>
  <li><p class=""font_8"">Used narrative-driven SEO targeting experiential travel keywords</p></li>
  <li><p class=""font_8"">Developed an AI-assisted content engine for continuous storytelling output</p></li>
  <li><p class=""font_8"">Incorporated guest stories, user-generated content, and photography galleries to build authenticity</p></li>
  <li><p class=""font_8"">Built a blog hub optimized for both organic search and GEO-based AI discovery</p></li>
</ul>
<p class=""font_8""><br></p>
<p class=""font_8""><br></p>
<h5 class=""font_5""><strong>The Result:</strong></h5>
<p class=""font_7""><br></p>
<ul class=""font_8"">
  <li><p class=""font_8"">A distinctive personal brand presence that merges passion with professionalism</p></li>
  <li><p class=""font_8"">Increased brand recall among travelers seeking culturally rich experiences</p></li>
  <li><p class=""font_8"">Growth in organic bookings linked directly to storytelling content</p></li>
  <li><p class=""font_8"">A sustainable platform ready for future expansion into media and partnerships</p></li>
</ul>
<p class=""font_8""><br></p>
<p class=""font_8""><br></p>
<p class=""font_8""><a href=""https://www.stevesvespa.com/""><u><strong>View Steve Muller's Website</strong></u></a></p>
<p class=""font_8""><br></p>
<p class=""font_8"">Read the full story and explore our personal branding strategies in the complete blog post <a href=""https://www.edge8.ai/post/master-personal-branding-in-2025-with-ai-agents-and-geo""><u><strong>here</strong></u></a></p>","[""Personal Brand Website""]","/case-studies/steve-muller",,"9b83a482-27f3-4853-985f-73a179ad5485",2025-08-18T06:40:36Z,2025-11-18T15:53:18Z,"39abade3-225f-48dc-b890-a7083bf41f35","Storytelling Vietnam Through Vespa Adventures | Edge8 Case Study","See how Edge8 helped Steve Muller showcase Vietnam’s culture through a story-driven Vespa Adventures website optimized for impact and engagement."
"EO APAC Region (HubSpot)","wix:image://v1/39abad_26dc4aeec17240fcabf6062fb486d6e0~mv2.jpg/MTP_APAC_8_24A-185.jpg#originWidth=2500&originHeight=982","<p class=""font_9""><strong>CRM + Automation Engine for Scalable Regional Membership</strong></p>
<p class=""font_9""><br></p>
<p class=""font_9"">Edge8 partnered with EO APAC to unify fragmented systems across Asia-Pacific chapters using HubSpot Sales Hub and n8n automation. What began in EO Vietnam is now a repeatable playbook—centralizing member data, streamlining onboarding, and improving chapter visibility through AI-driven workflows.</p>
<p class=""font_9"">→ HubSpot rollout, n8n integrations, and cross-chapter automation</p>","https://www.eoapac.org","Scaling Membership Systems Across Asia-Pacific","HubSpot + Automation for Growth, Visibility & Scale","wix:image://v1/39abad_6a2eb95322f644bba2afa895d91c34e0~mv2.jpg/MTP_APAC_8_24A-185_edited.jpg#originWidth=2500&originHeight=358","{""nodes"":[{""type"":""IMAGE"",""id"":""avnj51068"",""nodes"":[],""imageData"":{""containerData"":{""width"":{""size"":""CONTENT""},""alignment"":""CENTER"",""textWrap"":true},""image"":{""src"":{""id"":""39abad_0bcfc18d05324259af841a5e15b69f86~mv2.png""},""width"":1280,""height"":353}}},{""type"":""PARAGRAPH"",""id"":""t6iwg1071"",""nodes"":[],""paragraphData"":{}}],""documentStyle"":{}}","<h5 class=""font_5""><strong>Case Study Summary:</strong></h5>
<p class=""font_7""><br></p>
<p class=""font_9"">Entrepreneurs’ Organization (EO) is a global peer-to-peer network for founders and leaders. In the APAC region, membership operations were fragmented—with each chapter using its own set of disconnected tools. Edge8 partnered with EO APAC to centralize operations, streamline onboarding, and bring AI-powered visibility through HubSpot CRM and n8n automations. Starting with a pilot in EO Vietnam, this initiative laid the groundwork for scalable, data-informed growth across the region.</p>
<p class=""font_7""><br></p>
<p class=""font_7""><br></p>
<h5 class=""font_5""><strong>The Challenge:</strong></h5>
<p class=""font_7""><br></p>
<ul class=""font_9"">
  <li><p class=""font_9"">No unified CRM across EO APAC chapters</p></li>
  <li><p class=""font_9"">Manual processes relied on Excel, Notion, and Google Sheets</p></li>
  <li><p class=""font_9"">Delayed follow-ups for new member applications and event leads</p></li>
  <li><p class=""font_9"">No visibility into performance or progress across chapters</p></li>
  <li><p class=""font_9"">Onboarding and nurturing sequences were inconsistent and labor-intensive</p></li>
</ul>
<p class=""font_8""><br></p>
<p class=""font_8""><br></p>
<h5 class=""font_5""><strong>Our Approach:</strong></h5>
<p class=""font_7""><br></p>
<ul class=""font_9"">
  <li><p class=""font_9"">Deployed HubSpot Sales Hub for EO Vietnam to manage the full membership funnel</p></li>
  <li><p class=""font_9"">Created standardized CRM pipelines for prospects, members, and alumni</p></li>
  <li><p class=""font_9"">Integrated Wix landing pages and Notion forms with HubSpot using n8n workflows</p></li>
  <li><p class=""font_9"">Automated outreach: welcome emails, interest-based nurturing, and internal alerts</p></li>
  <li><p class=""font_9"">Built dashboards for tracking member journey progress and chapter KPIs</p></li>
  <li><p class=""font_9"">Documented a replicable CRM + automation framework for other chapters</p></li>
</ul>
<p class=""font_8""><br></p>
<p class=""font_8""><br></p>
<h5 class=""font_5""><strong>The Result:</strong></h5>
<p class=""font_7""><br></p>
<ul class=""font_9"">
  <li><p class=""font_9"">Live CRM adoption in EO Vietnam with 100% pipeline visibility</p></li>
  <li><p class=""font_9"">Member leads now receive timely, consistent communications</p></li>
  <li><p class=""font_9"">Admin workload significantly reduced through automation</p></li>
  <li><p class=""font_9"">Improved transparency and data consistency across chapter leadership</p></li>
  <li><p class=""font_9"">Foundation in place to expand to other APAC chapters with minimal friction</p></li>
</ul>
<p class=""font_8""><br></p>
<p class=""font_8""><br></p>
<p class=""font_8""><a href=""https://www.eoapac.com""><u><strong>View EO APAC's Website</strong></u></a></p>","[""AI Program""]","/case-studies/eo-apac-region-hubspot","wix:document://v1/ugd/39abad_4a0ca6a1a02b4fa78a3ec7de52d24c21.pdf/eo-apac-hubspot-case-study.pdf","c8eb3330-ecc5-4491-9f32-08bc61563f9c",2025-07-31T08:45:13Z,2025-11-18T16:00:58Z,"39abade3-225f-48dc-b890-a7083bf41f35","CRM + Automation Engine for Regional Growth | Edge8 Case Study","See how Edge8 implemented a HubSpot + automation system that streamlined membership operations and supported scalable regional growth."
"Veracity","wix:image://v1/39abad_4da8a4d25d65499e9d5986e6df994bf6~mv2.jpeg/1705721665440.jpeg#originWidth=1170&originHeight=878","<p class=""font_9""><strong>AI-Powered Co-CEO for EOS-Aligned Leadership</strong></p>
<p class=""font_9""><br></p>
<p class=""font_9"">Edge8 created a Co-CEO AI Agent for Veracity, routing strategic questions to the right EOS domain—helping the leadership team make faster, clearer decisions.</p>
<p class=""font_9"">→ Multi-agent coordination, EOS logic, and real-time insight summaries</p>","https://www.veracityit.com","Co-CEO AI Agent for EOS-Aligned Leadership","Executive Workflow Automation via Chatbot System","wix:image://v1/39abad_3c06565c91da4f52b34bbbdd2dfb9b64~mv2.jpg/gettyimages-1475068858-640x640_edited.jpg#originWidth=768&originHeight=219","{""nodes"":[{""type"":""IMAGE"",""id"":""8dr7r451"",""nodes"":[],""imageData"":{""containerData"":{""width"":{""size"":""CONTENT""},""alignment"":""CENTER"",""textWrap"":true},""image"":{""src"":{""id"":""f31d04_f082bcc5b9814ee89df74dfd4797f6dd~mv2.jpeg""},""width"":640,""height"":508}}},{""type"":""PARAGRAPH"",""id"":""snp1k454"",""nodes"":[],""paragraphData"":{}}],""documentStyle"":{}}","<h5 class=""font_5""><strong>Case Study Summary:</strong></h5>
<p class=""font_7""><br></p>
<p class=""font_9""><a href=""https://veracityit.com/""><u>Veracity Consulting</u></a>, an IT services firm operating on the Entrepreneurial Operating System (EOS), set out to build an intelligent Co-CEO assistant for its founder, <a href=""http://www.angihurt.com""><u>Angela Hurt</u></a>. The vision: an AI partner that could answer internal questions, route requests to the right leader, and surface structured decision support in real time.</p>
<p class=""font_9""><br></p>
<p class=""font_9"">Halfway through the project, the team is focused on the foundation—building the data pipeline and training specialized AI agents to “think” like the company’s key influencers. By modeling the decision-making principles, leadership profiles, and operating rhythms of Veracity’s leadership team, the assistant is being shaped into a trusted counterpart.&nbsp;</p>
<p class=""font_9""><br></p>
<p class=""font_9"">The goal is not just efficiency, but to provide data-driven clarity that balances the founder’s natural people-first, intuition-driven style with structured, evidence-based insight</p>
<p class=""font_7""><br></p>
<p class=""font_7""><br></p>
<h5 class=""font_5""><strong>The Challenge:</strong></h5>
<p class=""font_8""><br></p>
<p class=""font_9"">Veracity needed a way to bring more structure and clarity to decision making.</p>
<ul class=""font_9"">
  <li><p class=""font_9"">Often when key decisions arise, the right data isn’t available or connected</p></li>
  <li><p class=""font_9"">Input from the team tends toward consensus, not clear recommendations</p></li>
  <li><p class=""font_9"">Leading indicators aren’t consistently tied to long-term revenue outcomes</p></li>
  <li><p class=""font_9"">Important context (values, culture, performance patterns) lives in people’s heads, not systems</p></li>
</ul>
<p class=""font_8""><br></p>
<h5 class=""font_5""><strong>Our Approach:</strong></h5>
<p class=""font_9""><br></p>
<p class=""font_9"">We focused on building the foundation for an intelligent Co-CEO assistant that could deliver structured decision support in real time.</p>
<ul class=""font_9"">
  <li><p class=""font_9"">Designed a data pipeline to unify leadership profiles, EOS tools, and business metrics</p></li>
  <li><p class=""font_9"">Trained AI agents to “think” like Veracity’s key influencers and domain leaders</p></li>
  <li><p class=""font_9"">Embedded cultural values and decision-making principles into the system logic</p></li>
  <li><p class=""font_9"">Structured outputs to surface insights, route requests, and recommend next steps with clarity</p></li>
</ul>
<p class=""font_8""><br></p>
<p class=""font_8""><br></p>
<h5 class=""font_5""><strong>The Result:</strong></h5>
<p class=""font_7""><br></p>
<p class=""font_8"">Halfway through the project, the Co-CEO assistant is already reshaping how Veracity captures and uses knowledge.</p>
<ul class=""font_8"">
  <li><p class=""font_8"">Weekly leadership meetings are recorded and saved into the database, giving Angi on-demand access to review notes</p></li>
  <li><p class=""font_8"">Prototype agents provide structured summaries that highlight key themes and action items</p></li>
  <li><p class=""font_8"">EOS tools, leadership profiles, and financial goals are being connected into a unified data foundation</p></li>
  <li><p class=""font_8"">Early outputs show clearer visibility into leading indicators and how they tie to long-term revenue targets</p></li>
</ul>","[""AI Program""]","/case-studies/veracity","wix:document://v1/ugd/39abad_b17d4763eb504d36957868b22783726c.pdf/veracity-case-study.pdf","c9b88394-8da1-4985-afc5-f67b58fa6125",2025-07-31T08:36:25Z,2025-11-18T16:01:41Z,"39abade3-225f-48dc-b890-a7083bf41f35","AI-Powered Co-CEO for EOS Leaders | Edge8 Case Study","See how Edge8 built Veracity’s AI-powered Co-CEO platform to automate decision workflows, support EOS-aligned leadership, and scale performance."
"Kyungbang","wix:image://v1/39abad_58491ed17d3d477eac285d47e422eb86~mv2.jpg/b78807f3-a3d3-4c12-a517-bb4f5299a77b_edited_edited.jpg#originWidth=610&originHeight=342","<p class=""font_9""><strong>AI-Powered Quality Data Platform for Smarter Textile Manufacturing</strong></p>
<p class=""font_9""><br></p>
<p class=""font_9"">Kyungbang’s quality control operations were transformed by an AI platform that parses, standardizes, and analyzes fiber test data across suppliers and factory machines.</p>
<p class=""font_9"">→ PDF parsing, anomaly flagging, and natural language data search</p>",,"AI-Powered Quality Platform for Global Textile Manufacturing","Standardized Fiber Data, Real-Time Insights, and Smarter Production Decisions
","wix:image://v1/39abad_ef2461d6093c41b29f5f7d77d097bc2c~mv2.jpg/b78807f3-a3d3-4c12-a517-bb4f5299a77b_edited.jpg#originWidth=1280&originHeight=342","{""nodes"":[{""type"":""PARAGRAPH"",""id"":""imyyo240"",""nodes"":[],""paragraphData"":{}},{""type"":""LAYOUT"",""id"":""j710f241"",""nodes"":[{""type"":""LAYOUT_CELL"",""id"":""qreh3238"",""nodes"":[{""type"":""IMAGE"",""id"":""8e23q248"",""nodes"":[],""imageData"":{""containerData"":{""width"":{""size"":""CONTENT""},""alignment"":""CENTER"",""textWrap"":false},""image"":{""src"":{""id"":""39abad_429cb3d9f05f4c9eb5539e2990388654~mv2.png""},""width"":1280,""height"":701}}}],""layoutCellData"":{}},{""type"":""LAYOUT_CELL"",""id"":""qwtkr239"",""nodes"":[{""type"":""IMAGE"",""id"":""r6x2l298"",""nodes"":[],""imageData"":{""containerData"":{""width"":{""size"":""CONTENT""},""alignment"":""CENTER"",""textWrap"":false},""image"":{""src"":{""id"":""39abad_c38d29fc4c9c424da2b72950d76bb5b7~mv2.png""},""width"":1280,""height"":689}}}],""layoutCellData"":{}}]},{""type"":""PARAGRAPH"",""id"":""ldrq7301"",""nodes"":[],""paragraphData"":{}}],""documentStyle"":{}}","<h5 class=""font_5""><strong>Case Study Summary:</strong></h5>
<p class=""font_7""><br></p>
<p class=""font_9"">Kyungbang, a global textile manufacturer, manages one of the most complex challenges in its industry: high-volume fiber testing across suppliers and factories worldwide. Data arrived in scattered formats—PDFs, Excel sheets, raw text—forcing engineers to spend hours reconciling numbers before making decisions.</p>
<p class=""font_9""><br></p>
<p class=""font_9"">Edge8 partnered with Kyungbang to build an AI-powered quality platform designed to unify that data, flag anomalies in real time, and allow engineers to query results in natural language. The system is becoming the foundation for faster, more confident decisions on the factory floor—and a launchpad for predictive blending and other future AI enhancements.</p>
<p class=""font_7""><br></p>
<p class=""font_7""><br></p>
<h5 class=""font_5""><strong>The Challenge:</strong></h5>
<p class=""font_8""><br></p>
<p class=""font_9"">Kyungbang’s quality control was slowed by manual, offline workflows that made fast decisions nearly impossible. Eight team members walked daily to more than 100 testing machines that weren’t connected online. Each day, they collected results on drives, keyed them into spreadsheets, and compiled thick printed books for the Director to review. The process left little room for agility when quality issues arose.</p>
<ul class=""font_9"">
  <li><p class=""font_9"">Supplier and factory data scattered across inconsistent formats (PDF, Excel, text)</p></li>
  <li><p class=""font_9"">Manual entry of results into spreadsheets, then printed for review</p></li>
  <li><p class=""font_9"">No direct connectivity from testing machines to decision-makers</p></li>
  <li><p class=""font_9"">Engineers lacked intuitive tools to quickly query or compare test outcomes</p></li>
</ul>
<p class=""font_9""><br></p>
<p class=""font_8""><br></p>
<h5 class=""font_5""><strong>Our Approach:</strong></h5>
<p class=""font_8""><br></p>
<p class=""font_9"">Edge8 worked with Kyungbang to replace manual collection and reconciliation with a unified AI-powered quality platform. The goal was not only speed, but to give engineers and leaders confidence in the insights driving production choices.</p>
<ul class=""font_9"">
  <li><p class=""font_9"">Built an AI-driven document parsing engine to ingest QC reports from any format</p></li>
  <li><p class=""font_9"">Developed a system for real-time anomaly detection and automated flagging</p></li>
  <li><p class=""font_9"">Enabled natural language querying for batch, machine, and location histories</p></li>
  <li><p class=""font_9"">Integrated the system directly into existing QC workflows across facilities</p></li>
</ul>
<p class=""font_8""><br></p>
<p class=""font_8""><br></p>
<h5 class=""font_5""><strong>The Result:</strong></h5>
<p class=""font_7""><br></p>
<p class=""font_9"">The new platform has already reshaped Kyungbang’s quality operations, cutting waste and speeding up decisions that directly impact production efficiency.</p>
<ul class=""font_9"">
  <li><p class=""font_9"">Reduced manual reconciliation time by over 50%</p></li>
  <li><p class=""font_9"">Engineers retrieve insights instantly using everyday language instead of spreadsheets</p></li>
  <li><p class=""font_9"">Faster, more confident production decisions across multiple facilities</p></li>
  <li><p class=""font_9"">Established a scalable foundation for predictive blending and future AI-driven enhancements</p></li>
</ul>","[""AI Program""]","/case-studies/kyungbang","wix:document://v1/ugd/39abad_87db6c5a74dc4bdebdffc9ad9c94437b.pdf/kyungbang-case-study.pdf","ce0f30ab-02f4-413c-8dda-71840432a376",2025-07-31T08:32:17Z,2025-11-18T16:01:54Z,"39abade3-225f-48dc-b890-a7083bf41f35","AI-Powered Data Platform for Textile Innovation | Edge8 Case Study","Discover how Edge8 delivered a digital platform for Kyungbang, leveraging AI to standardize fiber data and improve global manufacturing intelligence."
"David Jackson","wix:image://v1/39abad_9417306316e147219bd94e5a7bb608db~mv2.jpg/DavidJackson_CEO_ColliersVietnam_0005-min_edited.jpg#originWidth=1503&originHeight=1066","<p class=""font_8""><strong>Illuminating Vietnam’s Real Estate Landscape</strong></p>
<p class=""font_8""><br></p>
<p class=""font_8"">David Jackson’s site merges market insight with AI-powered publishing, positioning him as a trusted source for Vietnam property investment guidance.</p>","https://www.davidmjacko.com/","Illuminating Vietnam’s Real Estate Landscape","Market Authority Meets Cross-Cultural Leadership","wix:image://v1/39abad_159c51c9bf9f42d8b5a1a6f4ffd01704~mv2.jpg/231110_PropertyGuru_0034-min_edited.jpg#originWidth=3000&originHeight=1031","{""nodes"":[{""type"":""IMAGE"",""id"":""om8kv628"",""nodes"":[],""imageData"":{""containerData"":{""width"":{""size"":""CONTENT""},""alignment"":""CENTER"",""textWrap"":true},""image"":{""src"":{""id"":""39abad_6dac3e4ce9e145a3b83eb7ca93e4e0a7~mv2.png""},""width"":1480,""height"":7824}}},{""type"":""PARAGRAPH"",""id"":""fmw75631"",""nodes"":[],""paragraphData"":{}}],""documentStyle"":{}}","<h5 class=""font_5""><strong>Case Study Summary:</strong></h5>
<p class=""font_7""><br></p>
<p class=""font_9"">David Jackson’s personal brand site establishes him as a trusted source for Vietnam’s evolving property market. Backed by nearly two decades of experience and his role leading Avison Young Vietnam &amp; Cambodia, the platform combines deep market insights with a people-first leadership approach, appealing to both investors and development partners.</p>
<p class=""font_7""><br></p>
<p class=""font_7""><br></p>
<h5 class=""font_5""><strong>The Challenge:</strong></h5>
<p class=""font_8""><br></p>
<ul class=""font_8"">
  <li><p class=""font_8"">Needed to distill complex real estate market analysis into accessible content</p></li>
  <li><p class=""font_8"">Required a balance between professional authority and personal authenticity</p></li>
  <li><p class=""font_8"">Lacked a single platform integrating thought leadership, media, and speaking engagements</p></li>
  <li><p class=""font_8"">Wanted to stand out among international real estate voices in the region</p></li>
</ul>
<p class=""font_9""><br></p>
<p class=""font_8""><br></p>
<h5 class=""font_5""><strong>Our Approach:</strong></h5>
<p class=""font_8""><br></p>
<ul class=""font_8"">
  <li><p class=""font_8"">Built a modern, authoritative website with dedicated sections for <strong>Market Insights</strong>, <strong>Leadership Philosophy</strong>, and <strong>Speaking Engagements</strong></p></li>
  <li><p class=""font_8"">Implemented GEO-optimized blog publishing for visibility on AI-driven search platforms</p></li>
  <li><p class=""font_8"">Developed a content calendar focused on market trends, investment strategies, and sustainability in Southeast Asia</p></li>
  <li><p class=""font_8"">Integrated media features, podcasts, and downloadable reports to increase engagement</p></li>
  <li><p class=""font_8"">Ensured mobile-first design for busy, on-the-go professional audiences</p></li>
</ul>
<p class=""font_8""><br></p>
<p class=""font_8""><br></p>
<h5 class=""font_5""><strong>The Result:</strong></h5>
<p class=""font_7""><br></p>
<ul class=""font_8"">
  <li><p class=""font_8"">A definitive online resource for Vietnam real estate expertise</p></li>
  <li><p class=""font_8"">Increased inbound speaking requests and media invitations</p></li>
  <li><p class=""font_8"">Higher visibility for investment-focused content in search and AI platforms</p></li>
  <li><p class=""font_8"">Strengthened reputation as a cross-cultural leader in the property sector</p></li>
</ul>
<p class=""font_8""><br></p>
<p class=""font_8""><br></p>
<p class=""font_8""><a href=""https://www.davidmjacko.com/""><u><strong>View David Jackson's Website</strong></u></a></p>
<p class=""font_8""><br></p>
<p class=""font_8"">Read the full story and explore our personal branding strategies in the complete blog post <a href=""https://www.edge8.ai/post/master-personal-branding-in-2025-with-ai-agents-and-geo""><u><strong>here</strong></u></a></p>","[""Personal Brand Website""]","/case-studies/david-jackson",,"da6eadc4-021e-4f65-85e1-0874119427c8",2025-08-18T06:32:26Z,2025-11-18T15:53:35Z,"39abade3-225f-48dc-b890-a7083bf41f35","Illuminating Vietnam’s Real Estate Landscape | Edge8 Case Study","Discover how Edge8 elevated David Jackson’s thought leadership with a modern digital presence showcasing insights on Vietnam’s real estate market."
